Date,Close,Open,High,Low,Volume
2025-09-12 14:01:07.216824,491.47803629101645,489.4257897557299,491.47803629101645,483.48249106476845,92660
2025-09-15 14:01:07.216824,487.7632662981023,488.02490268098296,488.09620299980634,486.68547364253646,325391
2025-09-16 14:01:07.216824,499.3209607596784,500.44097476548524,505.9474272287455,486.7474457098804,371669
2025-09-17 14:01:07.216824,505.679819074422,505.38192988756873,512.7574516648707,505.38192988756873,86833
2025-09-18 14:01:07.216824,502.9096823822251,500.5001008088708,504.2454226138438,500.5001008088708,61540
2025-09-19 14:01:07.216824,509.74165700849693,511.69650963236126,518.2907326494363,506.35152668161726,116175
2025-09-22 14:01:07.216824,492.9535273898613,491.26812541181675,499.0605892088491,487.3181001119865,209183
2025-09-23 14:01:07.216824,508.3350977709517,511.09473972513615,513.661101606089,503.5509038632432,121205
2025-09-24 14:01:07.216824,511.552510591797,513.3079414737585,518.1638414866723,507.74883680309927,31803
2025-09-25 14:01:07.216824,518.0026201200959,520.9331030784381,523.4909476466842,509.0515384972249,104125
2025-09-26 14:01:07.216824,538.7200850241103,542.0563127429673,548.1491769931646,530.4845220046725,163955
2025-09-29 14:01:07.216824,542.3859939949426,540.3250634274457,547.7968898096641,535.1619465382015,374038
2025-09-30 14:01:07.216824,535.3881690858933,538.8931202177707,542.943693169307,528.1216752903406,429974
2025-10-01 14:01:07.216824,530.2636400939904,527.8900699595429,534.9137638687505,522.8789128680042,415330
2025-10-02 14:01:07.216824,546.6266193556802,550.7158791077477,551.4600034064997,542.3856530349094,245204
2025-10-03 14:01:07.216824,552.6813395832012,551.031037251524,556.4753516795671,547.7666421688352,108001
2025-10-06 14:01:07.216824,530.1653073957917,530.3119096777489,531.4295932942554,520.6953654313511,320413
2025-10-07 14:01:07.216824,545.5322482982837,548.0136464296869,551.6414656987068,536.2201330820786,40266
2025-10-08 14:01:07.216824,541.9867595785436,542.9368389754444,542.9368389754444,540.3750130158899,318252
2025-10-09 14:01:07.216824,558.5413597567381,557.6571688326774,566.0244702143347,554.2481056941796,181196
2025-10-10 14:01:07.216824,556.0102766041932,555.0008962995029,563.6317690292324,551.7477283024099,86510
2025-10-13 14:01:07.216824,559.0972525363003,560.63728337769,562.3847449563146,550.4176031189131,145291
2025-10-14 14:01:07.216824,564.5835871266551,560.7478575356563,568.1000165314302,558.2553523217423,356779
2025-10-15 14:01:07.216824,559.7831631877368,561.9347716060553,564.8763711775289,554.211385180819,19694
2025-10-16 14:01:07.216824,549.6179104006923,551.1799603346316,552.6889518052153,540.6510005470417,143156
2025-10-17 14:01:07.216824,543.3118273510794,545.623298703598,549.4675099447268,538.7997449760892,270445
2025-10-20 14:01:07.216824,545.5314969499523,545.6025195976258,553.1165982529476,539.2081971856164,458310
2025-10-21 14:01:07.216824,532.2585805526553,535.0940128288996,542.0991861540246,523.336413260246,285472
2025-10-22 14:01:07.216824,537.0068428671221,537.3106444883333,542.354506182017,531.9404675675678,41712
2025-10-23 14:01:07.216824,529.4186988840603,525.5055764251651,533.2747410357116,525.5055764251651,473173
2025-10-24 14:01:07.216824,523.0187661283422,520.5138089896799,530.6756351729792,515.1714980555672,159038
2025-10-27 14:01:07.216824,525.6589494339362,527.1876016327033,534.9196851959974,519.1922059088671,434097
2025-10-28 14:01:07.216824,521.7346128043376,523.343587821454,526.7868797352721,512.4500582512132,95847
2025-10-29 14:01:07.216824,519.5903739452388,519.8141499811496,522.4292595187719,517.2329812019691,392536
2025-10-30 14:01:07.216824,503.8083162961886,504.8283898509388,509.6945551411991,498.4874799507151,163454
2025-10-31 14:01:07.216824,524.6456168103035,523.7944402111817,530.5125060763799,517.1405449350036,178000
2025-11-03 14:01:07.216824,514.6000814489713,515.6755088118001,520.7826642468864,509.3879772783608,32731
2025-11-04 14:01:07.216824,502.5837513983573,500.5871123437742,509.27433444132697,497.690195974004,248357
2025-11-05 14:01:07.216824,513.133221823338,510.05632310576925,522.3976079444654,510.05632310576925,305147
2025-11-06 14:01:07.216824,508.7473864080267,506.4359492171552,513.3084654358597,501.51805639252154,348456
2025-11-07 14:01:07.216824,501.3450864359569,500.98554088374414,507.3774736681936,494.13381889696666,460633
2025-11-10 14:01:07.216824,505.03027083221696,502.67030664109865,515.2274490298844,502.44011149446584,254152
2025-11-11 14:01:07.216824,495.6687809219964,494.2249045591083,498.53448619763526,489.6144443938517,45092
2025-11-12 14:01:07.216824,510.73863396298293,507.91796090926715,514.1186679433982,503.42062102523613,46601
2025-11-13 14:01:07.216824,509.11813541253804,510.0438934515498,514.3257850235876,505.11650139379356,168117
2025-11-14 14:01:07.216824,504.58815799956847,506.3758522533417,514.6056230187659,494.86843960894186,463127
2025-11-17 14:01:07.216824,489.20008841077737,490.2836567558549,494.96651911457906,485.05913125851816,279675
2025-11-18 14:01:07.216824,484.8565276749049,483.4869365563219,490.1488227670497,480.65024324723714,33506
2025-11-19 14:01:07.216824,486.12904206616423,485.25400265480044,492.46443042870067,482.3579436196128,175645
2025-11-20 14:01:07.216824,489.59091647695635,490.06266180156905,495.49199948970056,480.90668678995684,406794
2025-11-21 14:01:07.216824,498.68785478679405,498.9822685228829,503.72040397413883,493.4844410568738,247909
2025-11-24 14:01:07.216824,506.0386634047531,501.90964710120176,506.0386634047531,497.7577200674733,82093
2025-11-25 14:01:07.216824,505.6930884223406,509.76561886427004,512.4126735728987,502.0366601625839,487258
2025-11-26 14:01:07.216824,518.1636276855347,516.4783381581668,519.6687800206614,511.75999512971475,490551
2025-11-27 14:01:07.216824,520.0811106901139,519.2507555204243,522.6280895347347,515.4064670233143,380633
2025-11-28 14:01:07.216824,518.526060117498,516.0270576969402,521.831593377719,515.5046565502806,488486
2025-12-01 14:01:07.216824,535.9566138308622,534.4771543707777,541.4314268667819,530.2014406661494,489138
2025-12-02 14:01:07.216824,546.3421953579713,545.3834048666386,551.5749315232363,542.3506709621206,26437
2025-12-03 14:01:07.216824,563.6304474094776,566.057331886795,567.9317886011617,556.493518347032,55796
2025-12-04 14:01:07.216824,562.6670979617676,562.9832641693055,565.4588254763348,556.2005101018667,202663
2025-12-05 14:01:07.216824,552.6712437114755,548.3027140273546,555.6812110850117,545.9212567441514,150010
2025-12-08 14:01:07.216824,546.831416439819,545.1846723624606,551.4741888005885,538.2251914793479,370995
2025-12-09 14:01:07.216824,538.9335110007394,539.7531494560116,545.5483538814881,534.8391920792224,470796
2025-12-10 14:01:07.216824,547.1387304519092,542.4980158658421,547.1387304519092,540.2758887799755,62672
2025-12-11 14:01:07.216824,545.6058368300467,544.6970184178917,547.6292750493703,537.7335538192601,360040
2025-12-12 14:01:07.216824,541.3633177106985,538.5693325453196,546.9643864229503,535.5049385595605,159636
2025-12-15 14:01:07.216824,534.8494627207165,540.0384846341342,543.2094160122875,528.2854843217516,394605
2025-12-16 14:01:07.216824,527.0684895274795,522.9608859416666,535.27613831847,520.7198700160368,81866
2025-12-17 14:01:07.216824,530.9354624688659,534.0306530661478,539.1643391495762,526.8893405370586,102478
2025-12-18 14:01:07.216824,524.4303732626156,522.5729798684772,533.1712849378183,517.1935392148505,440813
2025-12-19 14:01:07.216824,510.07147592772975,508.2446998585984,516.9982851129776,508.1181092712873,74856
2025-12-22 14:01:07.216824,530.5171050467178,531.0972084087512,533.2199919376092,523.7403975126775,135586
2025-12-23 14:01:07.216824,526.79311377802,530.7906281582075,531.6409765296268,520.518591532019,382908
2025-12-24 14:01:07.216824,506.0593729119468,508.6124591159992,511.79307102548154,500.40955517755935,72656
2025-12-25 14:01:07.216824,493.8834974070651,494.2808063714118,497.46760029358086,487.0067849254364,203551
2025-12-26 14:01:07.216824,500.39927633910077,501.9911703150786,504.8153941686535,496.8720482358206,233852
2025-12-29 14:01:07.216824,497.981471242605,490.9547446244574,502.7011158457973,489.77645733214314,278181
2025-12-30 14:01:07.216824,493.704324165111,490.5871676952545,497.94656867814047,488.00211476427626,355798
2025-12-31 14:01:07.216824,486.65576797945465,483.73219876690445,494.2003217170011,482.9018636482399,247606
2026-01-01 14:01:07.216824,491.25367944834466,491.65136930809206,496.9569204696151,485.0813022380726,221881
2026-01-02 14:01:07.216824,484.76298073926665,490.0142950147203,490.15959809281395,478.63890666998645,134296
2026-01-05 14:01:07.216824,481.9411527005556,482.427558788231,488.6196114872478,474.5307978842808,150894
2026-01-06 14:01:07.216824,485.748991899739,490.12412608458817,493.37766759031916,481.70460762851565,149867
2026-01-07 14:01:07.216824,478.0609418003911,481.20046571414895,481.5804408709058,474.2112932620699,361009
2026-01-08 14:01:07.216824,465.5776996349566,464.00947955918696,472.68864505249246,461.31581015903305,264359
2026-01-09 14:01:07.216824,463.22291172035057,466.2927459709376,466.2927459709376,455.5001355752312,167087
2026-01-12 14:01:07.216824,458.5825475100179,455.4788206937187,462.98709972060806,455.4788206937187,129518
2026-01-13 14:01:07.216824,461.592061701259,461.39659754479504,468.7670010639325,458.4989805331937,183402
2026-01-14 14:01:07.216824,435.1099585764131,433.30751365110444,435.9264090502499,429.22396532808256,385012
2026-01-15 14:01:07.216824,443.8117611296221,442.23301175718444,446.16356888673204,442.23301175718444,193684
2026-01-16 14:01:07.216824,442.62628661547393,445.1548745249224,447.6812868420914,436.9238802426891,346061
2026-01-19 14:01:07.216824,460.737731224608,460.03374734817356,470.95383484244354,453.5164445752756,163492
2026-01-20 14:01:07.216824,470.4275099068254,471.8901127802638,474.36267146649067,467.1319505525308,263549
2026-01-21 14:01:07.216824,477.1377590881454,477.2215561864902,478.7137082976739,467.3870636328825,186715
2026-01-22 14:01:07.216824,483.85587028159154,483.69423279928543,484.5278418227664,481.94172604566535,465553
2026-01-23 14:01:07.216824,491.44011139462816,495.9305801995121,497.5700157697902,488.30796956437337,467444
2026-01-26 14:01:07.216824,492.57236121471306,490.5567443979589,500.57388655550494,489.6235537007175,493362
2026-01-27 14:01:07.216824,494.456202834773,496.0878029076403,497.96806158403086,485.5652272122586,449409
2026-01-28 14:01:07.216824,490.0596290278978,488.09432165451926,496.39950533875606,487.9477224936233,282833
2026-01-29 14:01:07.216824,486.7606366747477,483.67472959250614,491.2982454593897,477.9949363707162,112752
2026-01-30 14:01:07.216824,490.59822595623484,494.3988387077209,494.3988387077209,484.0243387526559,312269
2026-02-02 14:01:07.216824,497.2790902032991,495.2769041778438,499.6420191129255,494.4339259784501,425514
2026-02-03 14:01:07.216824,507.4644802113091,507.9697007024757,515.4338853236993,503.68161302405326,18817
2026-02-04 14:01:07.216824,502.8163890278048,506.6751896749467,506.7283058561773,498.43806121077034,283298
2026-02-05 14:01:07.216824,522.0610582939745,521.7070031264236,528.2903175062921,520.0595643362706,273158
2026-02-06 14:01:07.216824,533.6666908430234,536.5830966236039,536.7727494918282,524.1865686571383,232870
2026-02-09 14:01:07.216824,531.0874849244799,533.7135693609243,534.7784594928335,527.7180726094642,253408
2026-02-10 14:01:07.216824,517.8623695944536,518.1919584623423,523.1185549594238,507.0087953963612,218557
2026-02-11 14:01:07.216824,509.5604639779019,508.733324861571,517.8503593051742,501.3830811909564,336310
2026-02-12 14:01:07.216824,518.6554618906192,516.779833929639,523.4105730642226,509.2470214211879,141348
2026-02-13 14:01:07.216824,525.2981474072627,526.3734281301099,527.5092850862533,516.8536746823987,34619
2026-02-16 14:01:07.216824,524.2124371587694,525.408967590953,532.4257128106574,520.6761324520977,121762
2026-02-17 14:01:07.216824,523.5350093420868,520.1531157214204,527.0160893615646,516.8903104544671,433398
2026-02-18 14:01:07.216824,513.527216305998,512.5156268776554,522.8690553135793,509.57757274784007,265514
2026-02-19 14:01:07.216824,512.5284981745148,514.1330207312299,514.1330207312299,508.8550933270912,434281
2026-02-20 14:01:07.216824,509.2056120105742,503.77971173353,516.5003386600596,503.77971173353,13366
2026-02-23 14:01:07.216824,510.8907601244407,512.6199281638153,514.7773048144494,505.254765126525,91666
2026-02-24 14:01:07.216824,494.0018844378408,499.1357119268106,499.1357119268106,488.0029463733988,241613
2026-02-25 14:01:07.216824,517.6533558593158,520.6986952174929,522.7117379209803,510.61446122540747,406903
2026-02-26 14:01:07.216824,513.575428900155,518.2158009392082,519.1065290558075,509.8859447775427,392723
2026-02-27 14:01:07.216824,514.8107529133586,512.3121641973787,516.1570309664052,508.588816278389,357397
2026-03-02 14:01:07.216824,521.9122453239978,523.579072321389,523.579072321389,514.5726756824422,200263
2026-03-03 14:01:07.216824,507.4208448713233,503.3313731834646,518.0923149404872,499.42465823403444,297424
2026-03-04 14:01:07.216824,538.1724435066133,534.7021268249076,543.225115932484,534.2396466586258,203338
2026-03-05 14:01:07.216824,524.3999297378666,525.695586251799,533.4722349942066,517.4394236917512,329119
2026-03-06 14:01:07.216824,513.8747743428338,517.1946246168171,517.4368212266722,504.0885751507033,357842
2026-03-09 14:01:07.216824,523.5976123943399,526.2447313538026,530.4363362143596,513.8665974997172,182517
2026-03-10 14:01:07.216824,532.8447764892851,536.0874301581222,542.1035797840667,525.8013526691557,460690
2026-03-11 14:01:07.216824,541.9004168652496,547.3358249440081,547.3358249440081,538.1303291620053,118966
2026-03-12 14:01:07.216824,538.7342519811289,539.1531678836946,541.8226032985931,530.2891395994362,109250
2026-03-13 14:01:07.216824,556.3449544960469,555.4217628577566,561.0020011734963,545.7282734825023,181976
2026-03-16 14:01:07.216824,563.8963261066605,563.4577813150861,569.0352078331897,558.9086101538627,69400
2026-03-17 14:01:07.216824,561.5000308120251,559.4220925314925,563.5131202981488,555.5890445467294,151112
2026-03-18 14:01:07.216824,570.7372610129125,571.0844831858448,576.9744278261427,568.0448724215805,177690
2026-03-19 14:01:07.216824,565.3740053838841,565.679004209623,570.0844093321723,565.3740053838841,439157
2026-03-20 14:01:07.216824,564.5761456904015,563.4467902984109,568.1253069713052,560.7562849604376,314929
2026-03-23 14:01:07.216824,555.0470545870401,551.2293498047177,560.9187063193046,551.2293498047177,213030
2026-03-24 14:01:07.216824,557.0588101775438,559.110545615368,561.9979498342384,550.2191651212088,176013
2026-03-25 14:01:07.216824,566.2342451490546,565.9123928056342,569.3897241634933,558.5615493025789,394000
2026-03-26 14:01:07.216824,587.7488401522016,594.2351260754235,594.2351260754235,579.2305300178432,78862
2026-03-27 14:01:07.216824,591.4620825017707,586.4898583472309,595.4989312105647,586.4898583472309,13868
2026-03-30 14:01:07.216824,593.0031927169847,596.0359979781259,596.0359979781259,588.6201853965816,383203
2026-03-31 14:01:07.216824,606.8537978301617,608.7806260212891,613.578438123931,596.6484815125222,499857
2026-04-01 14:01:07.216824,619.2541752951624,617.9732644570846,624.3301690935132,607.9209684724162,83942
2026-04-02 14:01:07.216824,599.855915456541,599.7490884157968,606.4760137408816,592.0777054742606,410663
2026-04-03 14:01:07.216824,601.8368911163195,599.2116767796954,605.6283722288797,598.4239326520179,353196
2026-04-06 14:01:07.216824,592.3954231556291,591.0448398624402,595.6040959579757,587.4243685127892,335054
2026-04-07 14:01:07.216824,619.1369221749416,621.7266290034977,621.7266290034977,615.0129501319227,283996
2026-04-08 14:01:07.216824,636.227874570489,637.8265111651796,644.8735826679365,632.6217520794869,124871
2026-04-09 14:01:07.216824,640.3158785028072,647.0279137206328,649.0131153212893,629.3990445556734,224533
2026-04-10 14:01:07.216824,619.8749062185603,623.5495553899058,625.0383544902155,616.1995377595033,215869
2026-04-13 14:01:07.216824,616.5602383378736,616.1166043684079,618.2276318681771,612.7224290302395,477349
2026-04-14 14:01:07.216824,611.6461498943809,612.6976275632026,617.8326112939326,609.4557641746021,103323
2026-04-15 14:01:07.216824,602.3998643905328,601.6484160961779,615.2370475949617,597.6106909923885,19239
2026-04-16 14:01:07.216824,588.9608315569812,589.3284636884082,592.5299954001264,587.7930921410574,236531
2026-04-17 14:01:07.216824,595.1056374260334,591.5896009997306,604.1755115263127,591.5896009997306,367072
2026-04-20 14:01:07.216824,607.9416619927298,604.108526751613,613.0128365963338,604.108526751613,349525
2026-04-21 14:01:07.216824,595.0250885968316,593.714011459222,599.3110672271014,589.7518490572687,87721
2026-04-22 14:01:07.216824,590.0132009463299,592.3219254012162,594.8114366359513,581.5450325134302,70787
2026-04-23 14:01:07.216824,587.0805599739109,589.2975148237456,593.9552274928169,584.4771100103901,231977
2026-04-24 14:01:07.216824,585.9618860346068,590.8980949530817,590.8980949530817,580.6253800034915,330660
2026-04-27 14:01:07.216824,578.66540358318,578.5752329930377,581.9457799577051,573.6086411890924,54277
2026-04-28 14:01:07.216824,584.732898082505,584.0857584759798,596.1388366477166,582.6028656598529,435746
2026-04-29 14:01:07.216824,560.9867185695283,562.578978693323,568.2351311093901,551.246779230321,242629
2026-04-30 14:01:07.216824,552.8346572990183,549.8426278999649,558.9401614247937,549.8426278999649,66549
2026-05-01 14:01:07.216824,552.6867711117878,551.9566828098577,553.9192068276742,540.4032769118327,104785
2026-05-04 14:01:07.216824,568.4161808762428,567.4982732665194,575.3200338727895,563.7845076514943,359657
2026-05-05 14:01:07.216824,567.9290256870246,568.8492537450547,575.0963410973169,565.0591347477849,28911
2026-05-06 14:01:07.216824,554.3766414848172,555.2136585721432,563.3786580081488,551.5243969450843,393187
2026-05-07 14:01:07.216824,558.9005416358392,556.0805053357658,558.9005416358392,556.0805053357658,160572
2026-05-08 14:01:07.216824,550.5868795940132,551.9365779088077,553.0029284323825,541.7685799271479,274605
2026-05-11 14:01:07.216824,568.1148743580483,570.2754133577927,571.9415414920294,560.5115196327055,284207
2026-05-12 14:01:07.216824,564.4678979943028,562.453105029421,566.3569697819913,559.0990095555943,99011
2026-05-13 14:01:07.216824,567.0986945596171,570.0915332278266,570.0915332278266,562.8761882539983,348645
2026-05-14 14:01:07.216824,580.1040677538116,580.5308323629673,584.9542340257876,573.6560712407011,151040
2026-05-15 14:01:07.216824,566.8100917633063,566.122355249228,568.8110113884287,562.5605051453089,96889
2026-05-18 14:01:07.216824,544.6201339000628,543.527319273839,548.6310602702915,543.0254575040408,461114
2026-05-19 14:01:07.216824,553.0889697631137,555.9200524560795,563.8824204035529,548.599906456987,414655
2026-05-20 14:01:07.216824,562.4648219198413,562.6922449451749,567.3310238161432,552.3940984163294,174619
2026-05-21 14:01:07.216824,550.9061732612878,553.4636224987869,559.7592543569882,546.0443482492907,241106
2026-05-22 14:01:07.216824,558.6805663813484,556.4903855013505,563.8438322198466,555.372513130934,289167
2026-05-25 14:01:07.216824,548.8836284709623,549.7428727066641,552.5480254154892,542.518055477003,205425
2026-05-26 14:01:07.216824,549.4183500628102,548.4357251740219,551.8545196013496,546.7311432462033,253935
2026-05-27 14:01:07.216824,558.6649566685777,560.551797968467,564.7925558619722,553.3464531288431,340021
2026-05-28 14:01:07.216824,547.2256222878952,545.7705414092111,551.937093881795,541.4063179613422,484183
2026-05-29 14:01:07.216824,549.0354702237212,552.0441859253052,555.0360123329174,544.3064570805466,337572
2026-06-01 14:01:07.216824,544.74085497258,544.1950968137427,547.6388989715699,541.3644560263704,471139
2026-06-02 14:01:07.216824,530.8966557019713,528.1120547966307,538.2849268577147,524.4134278690747,488214
2026-06-03 14:01:07.216824,537.5766128905319,538.1186140555329,539.1360026435575,532.3879686104765,14313
2026-06-04 14:01:07.216824,554.6145235975215,560.5860799426714,560.5860799426714,550.6385655853783,315462
2026-06-05 14:01:07.216824,558.4368327268293,555.8122198471724,566.0769146006071,553.7986361259481,328292
2026-06-08 14:01:07.216824,564.2740238157454,562.291427285178,575.9131952155849,555.1082314542692,248460
2026-06-09 14:01:07.216824,574.4349750702288,576.7562481354453,584.2568148344423,565.2870740590644,221204
2026-06-10 14:01:07.216824,556.5551026242309,557.5759183356276,564.6017211395066,550.6236927162234,479097
2026-06-11 14:01:07.216824,562.3294124491779,563.3293493653625,568.6291738056926,557.1053057353591,230498
2026-06-12 14:01:07.216824,566.4881691039026,567.8542745547987,567.8542745547987,558.2041560574712,415296
2026-06-15 14:01:07.216824,566.2086720830443,566.6890788519302,572.6077540959162,558.6427676093698,48573
2026-06-16 14:01:07.216824,561.5093906830657,564.2908914876845,571.0451320358756,557.0413115316045,411401
2026-06-17 14:01:07.216824,578.0374830348828,579.1816055895672,587.2059530249549,576.6561796451564,394325
2026-06-18 14:01:07.216824,558.828644785432,560.5173375347061,560.5173375347061,551.8909287208756,233580
